{
    "parent": "item/generated",
    "textures": {
        "layer0": "item/bow"
    },
    "display": {
        "thirdperson_righthand": {
            "rotation": [ -80, 260, -40 ],
            "translation": [ -1, -2, 2.5 ],
            "scale": [ 0.9, 0.9, 0.9 ]
        },
        "thirdperson_lefthand": {
            "rotation": [ -80, -280, 40 ],
            "translation": [ -1, -2, 2.5 ],
            "scale": [ 0.9, 0.9, 0.9 ]
        },
        "firstperson_righthand": {
            "rotation": [ 0, -90, 25 ],
            "translation": [ 1.13, 3.2, 1.13],
            "scale": [ 0.68, 0.68, 0.68 ]
        },
        "firstperson_lefthand": {
            "rotation": [ 0, 90, -25 ],
            "translation": [ 1.13, 3.2, 1.13],
            "scale": [ 0.68, 0.68, 0.68 ]
        }
    },
    "overrides": [
        {
            "predicate": {
                "pulling": 1
            },
            "model": "item/bow_pulling_0"
        },
        {
            "predicate": {
                "pulling": 1,
                "pull": 0.65
            },
            "model": "item/bow_pulling_1"
        },
        {
            "predicate": {
                "pulling": 1,
                "pull": 0.9
            },
            "model": "item/bow_pulling_2"
        },
        {"predicate": {"custom_model_data":10601}, "model": "minecraft:item/1/06/01"},
        {"predicate": {"custom_model_data":10602}, "model": "minecraft:item/1/06/02"},
        {"predicate": {"custom_model_data":10603}, "model": "minecraft:item/1/06/03"},
        {"predicate": {"custom_model_data":10604}, "model": "minecraft:item/1/06/04"},
        {"predicate": {"custom_model_data":10605}, "model": "minecraft:item/1/06/05"},
        {"predicate": {"custom_model_data":10606}, "model": "minecraft:item/1/06/06"},
        {"predicate": {"custom_model_data":10607}, "model": "minecraft:item/1/06/07"},
        {"predicate": {"custom_model_data":10608}, "model": "minecraft:item/1/06/08"},
        {"predicate": {"custom_model_data":10609}, "model": "minecraft:item/1/06/09"},
        {"predicate": {"custom_model_data":10601,"pulling": 1}, "model": "minecraft:item/1/06/01_0"},
        {"predicate": {"custom_model_data":10602,"pulling": 1}, "model": "minecraft:item/1/06/02_0"},
        {"predicate": {"custom_model_data":10603,"pulling": 1}, "model": "minecraft:item/1/06/03_0"},
        {"predicate": {"custom_model_data":10604,"pulling": 1}, "model": "minecraft:item/1/06/04_0"},
        {"predicate": {"custom_model_data":10605,"pulling": 1}, "model": "minecraft:item/1/06/05_0"},
        {"predicate": {"custom_model_data":10606,"pulling": 1}, "model": "minecraft:item/1/06/06_0"},
        {"predicate": {"custom_model_data":10607,"pulling": 1}, "model": "minecraft:item/1/06/07_0"},
        {"predicate": {"custom_model_data":10608,"pulling": 1}, "model": "minecraft:item/1/06/08_0"},
        {"predicate": {"custom_model_data":10609,"pulling": 1}, "model": "minecraft:item/1/06/09_0"},
        {"predicate": {"custom_model_data":10601,"pulling": 1,"pull":0.65}, "model": "minecraft:item/1/06/01_1"},
        {"predicate": {"custom_model_data":10602,"pulling": 1,"pull":0.65}, "model": "minecraft:item/1/06/02_1"},
        {"predicate": {"custom_model_data":10603,"pulling": 1,"pull":0.65}, "model": "minecraft:item/1/06/03_1"},
        {"predicate": {"custom_model_data":10604,"pulling": 1,"pull":0.65}, "model": "minecraft:item/1/06/04_1"},
        {"predicate": {"custom_model_data":10605,"pulling": 1,"pull":0.65}, "model": "minecraft:item/1/06/05_1"},
        {"predicate": {"custom_model_data":10606,"pulling": 1,"pull":0.65}, "model": "minecraft:item/1/06/06_1"},
        {"predicate": {"custom_model_data":10607,"pulling": 1,"pull":0.65}, "model": "minecraft:item/1/06/07_1"},
        {"predicate": {"custom_model_data":10608,"pulling": 1,"pull":0.65}, "model": "minecraft:item/1/06/08_1"},
        {"predicate": {"custom_model_data":10609,"pulling": 1,"pull":0.65}, "model": "minecraft:item/1/06/09_1"},
        {"predicate": {"custom_model_data":10601,"pulling": 1,"pull": 0.9}, "model": "minecraft:item/1/06/01_2"},
        {"predicate": {"custom_model_data":10602,"pulling": 1,"pull": 0.9}, "model": "minecraft:item/1/06/02_2"},
        {"predicate": {"custom_model_data":10603,"pulling": 1,"pull": 0.9}, "model": "minecraft:item/1/06/03_2"},
        {"predicate": {"custom_model_data":10604,"pulling": 1,"pull": 0.9}, "model": "minecraft:item/1/06/04_2"},
        {"predicate": {"custom_model_data":10605,"pulling": 1,"pull": 0.9}, "model": "minecraft:item/1/06/05_2"},
        {"predicate": {"custom_model_data":10606,"pulling": 1,"pull": 0.9}, "model": "minecraft:item/1/06/06_2"},
        {"predicate": {"custom_model_data":10607,"pulling": 1,"pull": 0.9}, "model": "minecraft:item/1/06/07_2"},
        {"predicate": {"custom_model_data":10608,"pulling": 1,"pull": 0.9}, "model": "minecraft:item/1/06/08_2"},
        {"predicate": {"custom_model_data":10609,"pulling": 1,"pull": 0.9}, "model": "minecraft:item/1/06/09_2"}
    ]
}
