{
    "parent": "minecraft:item/handheld_rod",
    "textures": {
        "layer0": "minecraft:item/carrot_on_a_stick"
    },

    "overrides": [
        {"predicate": {"custom_model_data":10101}, "model": "minecraft:item/1/01/01"},
        {"predicate": {"custom_model_data":10102}, "model": "minecraft:item/1/01/02"},
        {"predicate": {"custom_model_data":10103}, "model": "minecraft:item/1/01/03"},
        {"predicate": {"custom_model_data":10104}, "model": "minecraft:item/1/01/04"},
        {"predicate": {"custom_model_data":10105}, "model": "minecraft:item/1/01/05"},
        {"predicate": {"custom_model_data":10106}, "model": "minecraft:item/1/01/06"},
        {"predicate": {"custom_model_data":10107}, "model": "minecraft:item/1/01/07"},
        {"predicate": {"custom_model_data":10108}, "model": "minecraft:item/1/01/08"},
        {"predicate": {"custom_model_data":10109}, "model": "minecraft:item/1/01/09"},
        {"predicate": {"custom_model_data":10201}, "model": "minecraft:item/1/02/01"},
        {"predicate": {"custom_model_data":10202}, "model": "minecraft:item/1/02/02"},
        {"predicate": {"custom_model_data":10203}, "model": "minecraft:item/1/02/03"},
        {"predicate": {"custom_model_data":10204}, "model": "minecraft:item/1/02/04"},
        {"predicate": {"custom_model_data":10205}, "model": "minecraft:item/1/02/05"},
        {"predicate": {"custom_model_data":10206}, "model": "minecraft:item/1/02/06"},
        {"predicate": {"custom_model_data":10207}, "model": "minecraft:item/1/02/07"},
        {"predicate": {"custom_model_data":10208}, "model": "minecraft:item/1/02/08"},
        {"predicate": {"custom_model_data":10209}, "model": "minecraft:item/1/02/09"},
        {"predicate": {"custom_model_data":10301}, "model": "minecraft:item/1/03/01"},
        {"predicate": {"custom_model_data":10302}, "model": "minecraft:item/1/03/02"},
        {"predicate": {"custom_model_data":10303}, "model": "minecraft:item/1/03/03"},
        {"predicate": {"custom_model_data":10304}, "model": "minecraft:item/1/03/04"},
        {"predicate": {"custom_model_data":10305}, "model": "minecraft:item/1/03/05"},
        {"predicate": {"custom_model_data":10306}, "model": "minecraft:item/1/03/06"},
        {"predicate": {"custom_model_data":10307}, "model": "minecraft:item/1/03/07"},
        {"predicate": {"custom_model_data":10308}, "model": "minecraft:item/1/03/08"},
        {"predicate": {"custom_model_data":10309}, "model": "minecraft:item/1/03/09"},
        {"predicate": {"custom_model_data":10401}, "model": "minecraft:item/1/04/01"},
        {"predicate": {"custom_model_data":10402}, "model": "minecraft:item/1/04/02"},
        {"predicate": {"custom_model_data":10403}, "model": "minecraft:item/1/04/03"},
        {"predicate": {"custom_model_data":10404}, "model": "minecraft:item/1/04/04"},
        {"predicate": {"custom_model_data":10405}, "model": "minecraft:item/1/04/05"},
        {"predicate": {"custom_model_data":10406}, "model": "minecraft:item/1/04/06"},
        {"predicate": {"custom_model_data":10407}, "model": "minecraft:item/1/04/07"},
        {"predicate": {"custom_model_data":10408}, "model": "minecraft:item/1/04/08"},
        {"predicate": {"custom_model_data":10409}, "model": "minecraft:item/1/04/09"},
        {"predicate": {"custom_model_data":10501}, "model": "minecraft:item/1/05/01"},
        {"predicate": {"custom_model_data":10502}, "model": "minecraft:item/1/05/02"},
        {"predicate": {"custom_model_data":10503}, "model": "minecraft:item/1/05/03"},
        {"predicate": {"custom_model_data":10504}, "model": "minecraft:item/1/05/04"},
        {"predicate": {"custom_model_data":10505}, "model": "minecraft:item/1/05/05"},
        {"predicate": {"custom_model_data":10506}, "model": "minecraft:item/1/05/06"},
        {"predicate": {"custom_model_data":10507}, "model": "minecraft:item/1/05/07"},
        {"predicate": {"custom_model_data":10508}, "model": "minecraft:item/1/05/08"},
        {"predicate": {"custom_model_data":10509}, "model": "minecraft:item/1/05/09"},
        {"predicate": {"custom_model_data":10601}, "model": "minecraft:item/1/06/01"},
        {"predicate": {"custom_model_data":10602}, "model": "minecraft:item/1/06/02"},
        {"predicate": {"custom_model_data":10603}, "model": "minecraft:item/1/06/03"},
        {"predicate": {"custom_model_data":10604}, "model": "minecraft:item/1/06/04"},
        {"predicate": {"custom_model_data":10605}, "model": "minecraft:item/1/06/05"},
        {"predicate": {"custom_model_data":10606}, "model": "minecraft:item/1/06/06"},
        {"predicate": {"custom_model_data":10607}, "model": "minecraft:item/1/06/07"},
        {"predicate": {"custom_model_data":10608}, "model": "minecraft:item/1/06/08"},
        {"predicate": {"custom_model_data":10609}, "model": "minecraft:item/1/06/09"},
        {"predicate": {"custom_model_data":10701}, "model": "minecraft:item/1/07/01"},
        {"predicate": {"custom_model_data":10702}, "model": "minecraft:item/1/07/02"},
        {"predicate": {"custom_model_data":10703}, "model": "minecraft:item/1/07/03"},
        {"predicate": {"custom_model_data":10704}, "model": "minecraft:item/1/07/04"},
        {"predicate": {"custom_model_data":10705}, "model": "minecraft:item/1/07/05"},
        {"predicate": {"custom_model_data":10706}, "model": "minecraft:item/1/07/06"},
        {"predicate": {"custom_model_data":10707}, "model": "minecraft:item/1/07/07"},
        {"predicate": {"custom_model_data":10708}, "model": "minecraft:item/1/07/08"},
        {"predicate": {"custom_model_data":10709}, "model": "minecraft:item/1/07/09"}

    ]
}